{"cameraMode":{"drawMode":0,"name":"Shaded","section":"Shading Mode"},"sceneLighting":true,"audioPlay":false,"sceneViewState":{"showFog":false,"showMaterialUpdate":false,"showSkybox":false,"showFlares":false,"showImageEffects":false,"showParticleSystems":false},"in2DMode":false,"pivot":{"x":1.0515496730804444,"y":0.5968943238258362,"z":-2.377089738845825},"rotation":{"x":-0.09732873737812042,"y":0.7819075584411621,"z":-0.1260172724723816,"w":-0.6027311086654663},"size":27.346954345703126,"orthographic":false}