{"cameraMode":{"drawMode":0,"name":"Shaded","section":"Shading Mode"},"sceneLighting":true,"audioPlay":false,"sceneViewState":{"showFog":false,"showMaterialUpdate":false,"showSkybox":false,"showFlares":false,"showImageEffects":false,"showParticleSystems":false},"in2DMode":false,"pivot":{"x":5.6283793449401859,"y":1.7402758598327637,"z":2.0431792736053469},"rotation":{"x":0.1678445190191269,"y":-0.4069390892982483,"z":0.07626461982727051,"w":0.8947309255599976},"size":11.147311210632325,"orthographic":false}