{"cameraMode":{"drawMode":0,"name":"Shaded","section":"Shading Mode"},"sceneLighting":true,"audioPlay":false,"sceneViewState":{"showFog":false,"showMaterialUpdate":false,"showSkybox":false,"showFlares":false,"showImageEffects":false,"showParticleSystems":false},"in2DMode":false,"pivot":{"x":3.602999687194824,"y":0.809999942779541,"z":0.26200002431869509},"rotation":{"x":-0.17596545815467835,"y":0.7871931791305542,"z":-0.2612401247024536,"w":-0.5303488373756409},"size":3.0602622032165529,"orthographic":false}