{"cameraMode":{"drawMode":0,"name":"Shaded","section":"Shading Mode"},"sceneLighting":true,"audioPlay":false,"sceneViewState":{"showFog":false,"showMaterialUpdate":false,"showSkybox":false,"showFlares":false,"showImageEffects":false,"showParticleSystems":false},"in2DMode":false,"pivot":{"x":-1.033557415008545,"y":0.5614198446273804,"z":-2.541181802749634},"rotation":{"x":-0.3037426173686981,"y":0.6509203314781189,"z":-0.32000428438186648,"w":-0.617885947227478},"size":4.420717716217041,"orthographic":false}